"","State","Year","Eviction","Crime","Unempl","Ch_Evict","Ch_Crime","Ch_Unempl","lag_Crime","lag_Unempl","lag_Evict","Time"
"1","Alabama",2000,1.79,486.2,4.6,NA,NA,NA,NA,NA,NA,1
"2","Alabama",2001,2.08,438.2,5.1,0.29,-48,0.5,486.2,4.6,1.79,2
"3","Alabama",2002,1.94,445,5.9,-0.14,6.8,0.8,438.2,5.1,2.08,3
"4","Alabama",2003,1.62,429.2,6,-0.32,-15.8,0.1,445,5.9,1.94,4
"5","Alabama",2004,1.38,427,5.7,-0.24,-2.2,-0.3,429.2,6,1.62,5
"6","Alabama",2005,1.84,433,4.5,0.46,6,-1.2,427,5.7,1.38,6
"7","Alabama",2006,2.14,425.2,4,0.3,-7.8,-0.5,433,4.5,1.84,7
"8","Alabama",2007,1.74,448.9,4,-0.4,23.7,0,425.2,4,2.14,8
"9","Alabama",2008,1.99,452.8,5.7,0.25,3.9,1.7,448.9,4,1.74,9
"10","Alabama",2009,1.74,450.1,11,-0.25,-2.7,5.3,452.8,5.7,1.99,10
"11","Alabama",2010,1.73,383.7,10.5,-0.01,-66.4,-0.5,450.1,11,1.74,11
"12","Alabama",2011,1.86,419.8,9.6,0.13,36.1,-0.9,383.7,10.5,1.73,12
"13","Alabama",2012,1.96,450.3,8,0.1,30.5,-1.6,419.8,9.6,1.86,13
"14","Alabama",2013,1.93,431,7.2,-0.03,-19.3,-0.8,450.3,8,1.96,14
"15","Alabama",2014,1.69,427.4,6.8,-0.24,-3.6,-0.4,431,7.2,1.93,15
"16","Arizona",2000,6.84,531.7,4,NA,NA,NA,NA,NA,NA,1
"17","Arizona",2001,7.65,540.3,4.8,0.81,8.6,0.8,531.7,4,6.84,2
"18","Arizona",2002,7.88,554.5,6.1,0.23,14.2,1.3,540.3,4.8,7.65,3
"19","Arizona",2003,7.74,513.3,5.7,-0.14,-41.2,-0.4,554.5,6.1,7.88,4
"20","Arizona",2004,7.97,504.4,5,0.23,-8.9,-0.7,513.3,5.7,7.74,5
"21","Arizona",2005,7.93,512,4.7,-0.04,7.6,-0.3,504.4,5,7.97,6
"22","Arizona",2006,5.05,542.6,4.2,-2.88,30.6,-0.5,512,4.7,7.93,7
"23","Arizona",2007,5.43,518,3.9,0.38,-24.6,-0.3,542.6,4.2,5.05,8
"24","Arizona",2008,5.59,485.6,6.2,0.16,-32.4,2.3,518,3.9,5.43,9
"25","Arizona",2009,4.49,426.5,9.9,-1.1,-59.1,3.7,485.6,6.2,5.59,10
"26","Arizona",2010,4.35,413.6,10.4,-0.14,-12.9,0.5,426.5,9.9,4.49,11
"27","Arizona",2011,3.93,414.2,9.5,-0.42,0.6,-0.9,413.6,10.4,4.35,12
"28","Arizona",2012,4.47,428.6,8.3,0.54,14.4,-1.2,414.2,9.5,3.93,13
"29","Arizona",2013,4.34,415.6,7.7,-0.13,-13,-0.6,428.6,8.3,4.47,14
"30","Arizona",2014,3.13,399.9,6.8,-1.21,-15.7,-0.9,415.6,7.7,4.34,15
"31","California",2000,2.49,621.6,4.9,NA,NA,NA,NA,NA,NA,1
"32","California",2001,2.26,615.2,5.4,-0.23,-6.4,0.5,621.6,4.9,2.49,2
"33","California",2002,2.03,595.4,6.7,-0.23,-19.8,1.3,615.2,5.4,2.26,3
"34","California",2003,1.88,579.6,6.8,-0.15,-15.8,0.1,595.4,6.7,2.03,4
"35","California",2004,1.79,527.8,6.2,-0.09,-51.8,-0.6,579.6,6.8,1.88,5
"36","California",2005,1.66,526,5.4,-0.13,-1.8,-0.8,527.8,6.2,1.79,6
"37","California",2006,1.66,533.5,4.9,0,7.5,-0.5,526,5.4,1.66,7
"38","California",2007,1.76,524.1,5.4,0.1,-9.4,0.5,533.5,4.9,1.66,8
"39","California",2008,2.12,504.2,7.3,0.36,-19.9,1.9,524.1,5.4,1.76,9
"40","California",2009,2.01,473.3,11.2,-0.11,-30.9,3.9,504.2,7.3,2.12,10
"41","California",2010,1.93,439.6,12.2,-0.08,-33.7,1,473.3,11.2,2.01,11
"42","California",2011,1.58,411.2,11.7,-0.35,-28.4,-0.5,439.6,12.2,1.93,12
"43","California",2012,1.4,423.5,10.4,-0.18,12.3,-1.3,411.2,11.7,1.58,13
"44","California",2013,1.29,402.6,8.9,-0.11,-20.9,-1.5,423.5,10.4,1.4,14
"45","California",2014,1.13,396.1,7.5,-0.16,-6.5,-1.4,402.6,8.9,1.29,15
"46","Colorado",2000,3.65,334,2.8,NA,NA,NA,NA,NA,NA,1
"47","Colorado",2001,3.28,349.6,3.8,-0.37,15.6,1,334,2.8,3.65,2
"48","Colorado",2002,3.26,352.9,5.5,-0.02,3.3,1.7,349.6,3.8,3.28,3
"49","Colorado",2003,4.48,346.5,6,1.22,-6.4,0.5,352.9,5.5,3.26,4
"50","Colorado",2004,5,372,5.5,0.52,25.5,-0.5,346.5,6,4.48,5
"51","Colorado",2005,5.06,397,5,0.06,25,-0.5,372,5.5,5,6
"52","Colorado",2006,5.71,395.4,4.3,0.65,-1.6,-0.7,397,5,5.06,7
"53","Colorado",2007,5.06,351.8,3.7,-0.65,-43.6,-0.6,395.4,4.3,5.71,8
"54","Colorado",2008,4.25,353.9,4.8,-0.81,2.1,1.1,351.8,3.7,5.06,9
"55","Colorado",2009,3.09,338.8,7.3,-1.16,-15.1,2.5,353.9,4.8,4.25,10
"56","Colorado",2010,3.82,323.7,8.7,0.73,-15.1,1.4,338.8,7.3,3.09,11
"57","Colorado",2011,3.64,314.4,8.4,-0.18,-9.3,-0.3,323.7,8.7,3.82,12
"58","Colorado",2012,3.32,307.4,7.9,-0.32,-7,-0.5,314.4,8.4,3.64,13
"59","Colorado",2013,2.26,305.4,6.9,-1.06,-2,-1,307.4,7.9,3.32,14
"60","Colorado",2014,2.2,309.1,5,-0.06,3.7,-1.9,305.4,6.9,2.26,15
"61","Connecticut",2000,NA,324.7,2.4,NA,NA,NA,NA,NA,NA,1
"62","Connecticut",2001,2.34,334.6,3.1,NA,9.9,0.7,324.7,2.4,NA,2
"63","Connecticut",2002,2.94,312.5,4.3,0.6,-22.1,1.2,334.6,3.1,2.34,3
"64","Connecticut",2003,3.86,316.8,5.4,0.92,4.3,1.1,312.5,4.3,2.94,4
"65","Connecticut",2004,3.55,289,5,-0.31,-27.8,-0.4,316.8,5.4,3.86,5
"66","Connecticut",2005,3.06,273,4.9,-0.49,-16,-0.1,289,5,3.55,6
"67","Connecticut",2006,3.44,299.7,4.3,0.38,26.7,-0.6,273,4.9,3.06,7
"68","Connecticut",2007,3.43,301.1,4.5,-0.01,1.4,0.2,299.7,4.3,3.44,8
"69","Connecticut",2008,3.39,306.7,5.7,-0.04,5.6,1.2,301.1,4.5,3.43,9
"70","Connecticut",2009,2.93,300.9,7.9,-0.46,-5.8,2.2,306.7,5.7,3.39,10
"71","Connecticut",2010,2.98,282,9.1,0.05,-18.9,1.2,300.9,7.9,2.93,11
"72","Connecticut",2011,3.06,275.7,8.8,0.08,-6.3,-0.3,282,9.1,2.98,12
"73","Connecticut",2012,2.88,283.5,8.3,-0.18,7.8,-0.5,275.7,8.8,3.06,13
"74","Connecticut",2013,2.77,262.2,7.8,-0.11,-21.3,-0.5,283.5,8.3,2.88,14
"75","Connecticut",2014,3.15,236.9,6.6,0.38,-25.3,-1.2,262.2,7.8,2.77,15
"76","Delaware",2000,5.27,684.4,3.7,NA,NA,NA,NA,NA,NA,1
"77","Delaware",2001,6.36,611.1,3.5,1.09,-73.3,-0.2,684.4,3.7,5.27,2
"78","Delaware",2002,7.44,600,4,1.08,-11.1,0.5,611.1,3.5,6.36,3
"79","Delaware",2003,7.25,675.3,4.3,-0.19,75.3,0.3,600,4,7.44,4
"80","Delaware",2004,7.33,615,4,0.08,-60.3,-0.3,675.3,4.3,7.25,5
"81","Delaware",2005,7.42,633,4.1,0.09,18,0.1,615,4,7.33,6
"82","Delaware",2006,7.02,701,3.6,-0.4,68,-0.5,633,4.1,7.42,7
"83","Delaware",2007,6.76,705.4,3.4,-0.26,4.4,-0.2,701,3.6,7.02,8
"84","Delaware",2008,6.92,708.6,4.9,0.16,3.2,1.5,705.4,3.4,6.76,9
"85","Delaware",2009,7.05,645.4,8.3,0.13,-63.2,3.4,708.6,4.9,6.92,10
"86","Delaware",2010,6.36,623.3,8.4,-0.69,-22.1,0.1,645.4,8.3,7.05,11
"87","Delaware",2011,6.86,566.4,7.5,0.5,-56.9,-0.9,623.3,8.4,6.36,12
"88","Delaware",2012,5.84,550.5,7.2,-1.02,-15.9,-0.3,566.4,7.5,6.86,13
"89","Delaware",2013,5.77,500.7,6.7,-0.07,-49.8,-0.5,550.5,7.2,5.84,14
"90","Delaware",2014,5.43,489.1,5.7,-0.34,-11.6,-1,500.7,6.7,5.77,15
"91","Florida",2000,2.85,812,3.7,NA,NA,NA,NA,NA,NA,1
"92","Florida",2001,3.13,798.3,4.7,0.28,-13.7,1,812,3.7,2.85,2
"93","Florida",2002,3.55,771.2,5.6,0.42,-27.1,0.9,798.3,4.7,3.13,3
"94","Florida",2003,3.73,731.1,5.2,0.18,-40.1,-0.4,771.2,5.6,3.55,4
"95","Florida",2004,3.48,711.8,4.6,-0.25,-19.3,-0.6,731.1,5.2,3.73,5
"96","Florida",2005,3.47,709,3.7,-0.01,-2.8,-0.9,711.8,4.6,3.48,6
"97","Florida",2006,3.44,716.4,3.2,-0.03,7.4,-0.5,709,3.7,3.47,7
"98","Florida",2007,3.18,722.6,4,-0.26,6.2,0.8,716.4,3.2,3.44,8
"99","Florida",2008,3,688.9,6.3,-0.18,-33.7,2.3,722.6,4,3.18,9
"100","Florida",2009,2.95,612.5,10.4,-0.05,-76.4,4.1,688.9,6.3,3,10
"101","Florida",2010,3.08,541.3,11.1,0.13,-71.2,0.7,612.5,10.4,2.95,11
"102","Florida",2011,3.17,514.6,10,0.09,-26.7,-1.1,541.3,11.1,3.08,12
"103","Florida",2012,3,487,8.5,-0.17,-27.6,-1.5,514.6,10,3.17,13
"104","Florida",2013,2.55,469.3,7.2,-0.45,-17.7,-1.3,487,8.5,3,14
"105","Florida",2014,2.48,540.5,6.3,-0.07,71.2,-0.9,469.3,7.2,2.55,15
"106","Georgia",2000,5.67,504.7,3.6,NA,NA,NA,NA,NA,NA,1
"107","Georgia",2001,4.9,495.7,4,-0.77,-9,0.4,504.7,3.6,5.67,2
"108","Georgia",2002,5.35,459.6,5,0.45,-36.1,1,495.7,4,4.9,3
"109","Georgia",2003,5.8,454.5,4.8,0.45,-5.1,-0.2,459.6,5,5.35,4
"110","Georgia",2004,5.62,451,4.8,-0.18,-3.5,0,454.5,4.8,5.8,5
"111","Georgia",2005,6.16,446,5.3,0.54,-5,0.5,451,4.8,5.62,6
"112","Georgia",2006,6.28,477.9,4.7,0.12,31.9,-0.6,446,5.3,6.16,7
"113","Georgia",2007,7.11,491.5,4.5,0.83,13.6,-0.2,477.9,4.7,6.28,8
"114","Georgia",2008,6.79,488.9,6.2,-0.32,-2.6,1.7,491.5,4.5,7.11,9
"115","Georgia",2009,6.84,428,9.9,0.05,-60.9,3.7,488.9,6.2,6.79,10
"116","Georgia",2010,7.17,402.3,10.5,0.33,-25.7,0.6,428,9.9,6.84,11
"117","Georgia",2011,7.58,374.6,10.2,0.41,-27.7,-0.3,402.3,10.5,7.17,12
"118","Georgia",2012,7.22,380,9.2,-0.36,5.4,-1,374.6,10.2,7.58,13
"119","Georgia",2013,5.53,375.4,8.2,-1.69,-4.6,-1,380,9.2,7.22,14
"120","Georgia",2014,5.28,377.3,7.1,-0.25,1.9,-1.1,375.4,8.2,5.53,15
"121","Idaho",2000,0.81,252.5,4.7,NA,NA,NA,NA,NA,NA,1
"122","Idaho",2001,0.98,243.1,5.1,0.17,-9.4,0.4,252.5,4.7,0.81,2
"123","Idaho",2002,0.98,254.6,5.6,0,11.5,0.5,243.1,5.1,0.98,3
"124","Idaho",2003,1.02,245.9,5.6,0.04,-8.7,0,254.6,5.6,0.98,4
"125","Idaho",2004,1.18,247.4,4.9,0.16,1.5,-0.7,245.9,5.6,1.02,5
"126","Idaho",2005,1.36,257,4,0.18,9.6,-0.9,247.4,4.9,1.18,6
"127","Idaho",2006,1.43,250,3.5,0.07,-7,-0.5,257,4,1.36,7
"128","Idaho",2007,1.18,256.2,3.1,-0.25,6.2,-0.4,250,3.5,1.43,8
"129","Idaho",2008,1.06,241.5,5.1,-0.12,-14.7,2,256.2,3.1,1.18,9
"130","Idaho",2009,0.92,246.2,8.8,-0.14,4.7,3.7,241.5,5.1,1.06,10
"131","Idaho",2010,0.88,220.5,9,-0.04,-25.7,0.2,246.2,8.8,0.92,11
"132","Idaho",2011,0.91,202.2,8.3,0.03,-18.3,-0.7,220.5,9,0.88,12
"133","Idaho",2012,0.85,209.8,7.2,-0.06,7.6,-1.1,202.2,8.3,0.91,13
"134","Idaho",2013,0.77,215.2,6.1,-0.08,5.4,-1.1,209.8,7.2,0.85,14
"135","Idaho",2014,0.72,212.2,4.8,-0.05,-3,-1.3,215.2,6.1,0.77,15
"136","Illinois",2000,0.56,653.8,4.3,NA,NA,NA,NA,NA,NA,1
"137","Illinois",2001,1.04,633.1,5.3,0.48,-20.7,1,653.8,4.3,0.56,2
"138","Illinois",2002,0.96,601.9,6.5,-0.08,-31.2,1.2,633.1,5.3,1.04,3
"139","Illinois",2003,1.01,556.4,6.8,0.05,-45.5,0.3,601.9,6.5,0.96,4
"140","Illinois",2004,1.1,545.7,6.2,0.09,-10.7,-0.6,556.4,6.8,1.01,5
"141","Illinois",2005,1.2,552,5.7,0.1,6.3,-0.5,545.7,6.2,1.1,6
"142","Illinois",2006,1.91,541.6,4.5,0.71,-10.4,-1.2,552,5.7,1.2,7
"143","Illinois",2007,1.98,533.2,5,0.07,-8.4,0.5,541.6,4.5,1.91,8
"144","Illinois",2008,2.14,525.4,6.3,0.16,-7.8,1.3,533.2,5,1.98,9
"145","Illinois",2009,2.26,497.2,10.2,0.12,-28.2,3.9,525.4,6.3,2.14,10
"146","Illinois",2010,2.17,444.9,10.4,-0.09,-52.3,0.2,497.2,10.2,2.26,11
"147","Illinois",2011,2.15,424,9.7,-0.02,-20.9,-0.7,444.9,10.4,2.17,12
"148","Illinois",2012,2.18,416.2,9,0.03,-7.8,-0.7,424,9.7,2.15,13
"149","Illinois",2013,2,403.1,9,-0.18,-13.1,0,416.2,9,2.18,14
"150","Illinois",2014,1.87,370,7.1,-0.13,-33.1,-1.9,403.1,9,2,15
"151","Indiana",2000,2.87,349.1,3.1,NA,NA,NA,NA,NA,NA,1
"152","Indiana",2001,4.11,371.1,4.2,1.24,22,1.1,349.1,3.1,2.87,2
"153","Indiana",2002,4.47,357.3,5.2,0.36,-13.8,1,371.1,4.2,4.11,3
"154","Indiana",2003,4.7,352.3,5.3,0.23,-5,0.1,357.3,5.2,4.47,4
"155","Indiana",2004,5.27,325.9,5.4,0.57,-26.4,0.1,352.3,5.3,4.7,5
"156","Indiana",2005,5.33,324,5.5,0.06,-1.9,0.1,325.9,5.4,5.27,6
"157","Indiana",2006,5.12,321.6,5,-0.21,-2.4,-0.5,324,5.5,5.33,7
"158","Indiana",2007,4.73,335.8,4.6,-0.39,14.2,-0.4,321.6,5,5.12,8
"159","Indiana",2008,4.76,337.6,5.9,0.03,1.8,1.3,335.8,4.6,4.73,9
"160","Indiana",2009,4.81,334,10.3,0.05,-3.6,4.4,337.6,5.9,4.76,10
"161","Indiana",2010,4.51,323.3,10.4,-0.3,-10.7,0.1,334,10.3,4.81,11
"162","Indiana",2011,4.85,331.8,9.1,0.34,8.5,-1.3,323.3,10.4,4.51,12
"163","Indiana",2012,4.7,344.8,8.3,-0.15,13,-0.8,331.8,9.1,4.85,13
"164","Indiana",2013,4.43,359.6,7.7,-0.27,14.8,-0.6,344.8,8.3,4.7,14
"165","Indiana",2014,4.24,365.3,6,-0.19,5.7,-1.7,359.6,7.7,4.43,15
"166","Iowa",2000,0.29,266.4,2.6,NA,NA,NA,NA,NA,NA,1
"167","Iowa",2001,2.21,268.2,3.3,1.92,1.8,0.7,266.4,2.6,0.29,2
"168","Iowa",2002,2.58,285.7,4,0.37,17.5,0.7,268.2,3.3,2.21,3
"169","Iowa",2003,2.42,277.9,4.5,-0.16,-7.8,0.5,285.7,4,2.58,4
"170","Iowa",2004,2.61,287.8,4.5,0.19,9.9,0,277.9,4.5,2.42,5
"171","Iowa",2005,2.78,293,4.3,0.17,5.2,-0.2,287.8,4.5,2.61,6
"172","Iowa",2006,2.88,285.7,3.7,0.1,-7.3,-0.6,293,4.3,2.78,7
"173","Iowa",2007,2.52,300.2,3.7,-0.36,14.5,0,285.7,3.7,2.88,8
"174","Iowa",2008,2.5,288.1,4.2,-0.02,-12.1,0.5,300.2,3.7,2.52,9
"175","Iowa",2009,2.36,282.1,6.4,-0.14,-6,2.2,288.1,4.2,2.5,10
"176","Iowa",2010,1.84,268.5,6,-0.52,-13.6,-0.4,282.1,6.4,2.36,11
"177","Iowa",2011,1.69,257.3,5.5,-0.15,-11.2,-0.5,268.5,6,1.84,12
"178","Iowa",2012,1.82,265.6,5,0.13,8.3,-0.5,257.3,5.5,1.69,13
"179","Iowa",2013,1.81,273,4.7,-0.01,7.4,-0.3,265.6,5,1.82,14
"180","Iowa",2014,1.93,273.5,4.2,0.12,0.5,-0.5,273,4.7,1.81,15
"181","Kansas",2000,1.46,389.4,3.6,NA,NA,NA,NA,NA,NA,1
"182","Kansas",2001,1.81,403.7,4.2,0.35,14.3,0.6,389.4,3.6,1.46,2
"183","Kansas",2002,2.21,377.2,5.1,0.4,-26.5,0.9,403.7,4.2,1.81,3
"184","Kansas",2003,2.15,397.5,5.5,-0.06,20.3,0.4,377.2,5.1,2.21,4
"185","Kansas",2004,2.48,377.9,5.5,0.33,-19.6,0,397.5,5.5,2.15,5
"186","Kansas",2005,2.78,389,5,0.3,11.1,-0.5,377.9,5.5,2.48,6
"187","Kansas",2006,2.98,432.7,4.4,0.2,43.7,-0.6,389,5,2.78,7
"188","Kansas",2007,2.84,458.6,4.2,-0.14,25.9,-0.2,432.7,4.4,2.98,8
"189","Kansas",2008,2.9,412.3,4.6,0.06,-46.3,0.4,458.6,4.2,2.84,9
"190","Kansas",2009,2.75,406.6,6.9,-0.15,-5.7,2.3,412.3,4.6,2.9,10
"191","Kansas",2010,2.64,370.8,7.1,-0.11,-35.8,0.2,406.6,6.9,2.75,11
"192","Kansas",2011,2.65,355.7,6.5,0.01,-15.1,-0.6,370.8,7.1,2.64,12
"193","Kansas",2012,2.74,356.7,5.7,0.09,1,-0.8,355.7,6.5,2.65,13
"194","Kansas",2013,2.85,342.8,5.3,0.11,-13.9,-0.4,356.7,5.7,2.74,14
"195","Kansas",2014,2.66,348.6,4.5,-0.19,5.8,-0.8,342.8,5.3,2.85,15
"196","Kentucky",2000,3.85,294.5,4.2,NA,NA,NA,NA,NA,NA,1
"197","Kentucky",2001,4.09,258.3,5.2,0.24,-36.2,1,294.5,4.2,3.85,2
"198","Kentucky",2002,3.73,271.4,5.7,-0.36,13.1,0.5,258.3,5.2,4.09,3
"199","Kentucky",2003,3.75,248.5,6.1,0.02,-22.9,0.4,271.4,5.7,3.73,4
"200","Kentucky",2004,3.92,245.1,5.4,0.17,-3.4,-0.7,248.5,6.1,3.75,5
"201","Kentucky",2005,4.04,267,5.9,0.12,21.9,0.5,245.1,5.4,3.92,6
"202","Kentucky",2006,3.95,270.1,5.7,-0.09,3.1,-0.2,267,5.9,4.04,7
"203","Kentucky",2007,3.81,290.7,5.4,-0.14,20.6,-0.3,270.1,5.7,3.95,8
"204","Kentucky",2008,3.62,297.2,6.4,-0.19,6.5,1,290.7,5.4,3.81,9
"205","Kentucky",2009,3.13,255,10.3,-0.49,-42.2,3.9,297.2,6.4,3.62,10
"206","Kentucky",2010,3.43,243.9,10.2,0.3,-11.1,-0.1,255,10.3,3.13,11
"207","Kentucky",2011,3.32,239.6,9.4,-0.11,-4.3,-0.8,243.9,10.2,3.43,12
"208","Kentucky",2012,3.26,224.9,8.2,-0.06,-14.7,-1.2,239.6,9.4,3.32,13
"209","Kentucky",2013,3.32,210.9,8,0.06,-14,-0.2,224.9,8.2,3.26,14
"210","Kentucky",2014,2.98,211.6,6.5,-0.34,0.7,-1.5,210.9,8,3.32,15
"211","Louisiana",2000,1.37,681.1,5.3,NA,NA,NA,NA,NA,NA,1
"212","Louisiana",2001,2.73,686.3,5.7,1.36,5.2,0.4,681.1,5.3,1.37,2
"213","Louisiana",2002,2.78,663.3,6.1,0.05,-23,0.4,686.3,5.7,2.73,3
"214","Louisiana",2003,2.76,636.9,6.4,-0.02,-26.4,0.3,663.3,6.1,2.78,4
"215","Louisiana",2004,2.91,640,5.9,0.15,3.1,-0.5,636.9,6.4,2.76,5
"216","Louisiana",2005,3.01,597,7.2,0.1,-43,1.3,640,5.9,2.91,6
"217","Louisiana",2006,2.69,721.2,4.5,-0.32,124.2,-2.7,597,7.2,3.01,7
"218","Louisiana",2007,2.48,740.4,4.3,-0.21,19.2,-0.2,721.2,4.5,2.69,8
"219","Louisiana",2008,2.57,671.4,4.9,0.09,-69,0.6,740.4,4.3,2.48,9
"220","Louisiana",2009,2.88,642.9,6.8,0.31,-28.5,1.9,671.4,4.9,2.57,10
"221","Louisiana",2010,2.73,555.3,8,-0.15,-87.6,1.2,642.9,6.8,2.88,11
"222","Louisiana",2011,2.77,554.6,7.8,0.04,-0.7,-0.2,555.3,8,2.73,12
"223","Louisiana",2012,2.75,496.3,7.1,-0.02,-58.3,-0.7,554.6,7.8,2.77,13
"224","Louisiana",2013,2.68,521.2,6.7,-0.07,24.9,-0.4,496.3,7.1,2.75,14
"225","Louisiana",2014,3.13,514.7,6.4,0.45,-6.5,-0.3,521.2,6.7,2.68,15
"226","Maine",2000,0.71,109.6,3.4,NA,NA,NA,NA,NA,NA,1
"227","Maine",2001,1.09,111.7,3.8,0.38,2.1,0.4,109.6,3.4,0.71,2
"228","Maine",2002,1.28,107.8,4.3,0.19,-3.9,0.5,111.7,3.8,1.09,3
"229","Maine",2003,1.35,108.6,5,0.07,0.8,0.7,107.8,4.3,1.28,4
"230","Maine",2004,1.11,103.7,4.6,-0.24,-4.9,-0.4,108.6,5,1.35,5
"231","Maine",2005,1.19,112,4.9,0.08,8.3,0.3,103.7,4.6,1.11,6
"232","Maine",2006,1.51,116,4.6,0.32,4,-0.3,112,4.9,1.19,7
"233","Maine",2007,2.11,118.8,4.7,0.6,2.8,0.1,116,4.6,1.51,8
"234","Maine",2008,1.97,119.4,5.5,-0.14,0.6,0.8,118.8,4.7,2.11,9
"235","Maine",2009,1.8,119.9,8.1,-0.17,0.5,2.6,119.4,5.5,1.97,10
"236","Maine",2010,2.02,122.1,8.1,0.22,2.2,0,119.9,8.1,1.8,11
"237","Maine",2011,2.14,123.3,7.9,0.12,1.2,-0.2,122.1,8.1,2.02,12
"238","Maine",2012,2.14,122.4,7.5,0,-0.9,-0.4,123.3,7.9,2.14,13
"239","Maine",2013,2.31,132.5,6.6,0.17,10.1,-0.9,122.4,7.5,2.14,14
"240","Maine",2014,2.24,127.8,5.6,-0.07,-4.7,-1,132.5,6.6,2.31,15
"241","Maryland",2000,0.21,786.6,3.6,NA,NA,NA,NA,NA,NA,1
"242","Maryland",2001,0.22,781.4,4,0.01,-5.2,0.4,786.6,3.6,0.21,2
"243","Maryland",2002,0.12,770.8,4.4,-0.1,-10.6,0.4,781.4,4,0.22,3
"244","Maryland",2003,0.06,703.5,4.4,-0.06,-67.3,0,770.8,4.4,0.12,4
"245","Maryland",2004,0.08,700.6,4.3,0.02,-2.9,-0.1,703.5,4.4,0.06,5
"246","Maryland",2005,0.04,704,4.1,-0.04,3.4,-0.2,700.6,4.3,0.08,6
"247","Maryland",2006,0.72,678.6,3.9,0.68,-25.4,-0.2,704,4.1,0.04,7
"248","Maryland",2007,1.18,641.9,3.5,0.46,-36.7,-0.4,678.6,3.9,0.72,8
"249","Maryland",2008,0.27,628.2,4.2,-0.91,-13.7,0.7,641.9,3.5,1.18,9
"250","Maryland",2009,1.1,590,7,0.83,-38.2,2.8,628.2,4.2,0.27,10
"251","Maryland",2010,0.76,546.3,7.7,-0.34,-43.7,0.7,590,7,1.1,11
"252","Maryland",2011,0.52,493.5,7.2,-0.24,-52.8,-0.5,546.3,7.7,0.76,12
"253","Maryland",2012,1.8,477.3,7,1.28,-16.2,-0.2,493.5,7.2,0.52,13
"254","Maryland",2013,0.45,475.4,6.6,-1.35,-1.9,-0.4,477.3,7,1.8,14
"255","Maryland",2014,1,446.1,5.8,0.55,-29.3,-0.8,475.4,6.6,0.45,15
"256","Massachusetts",2000,NA,476.1,2.7,NA,NA,NA,NA,NA,NA,1
"257","Massachusetts",2001,2.21,477.8,3.7,NA,1.7,1,476.1,2.7,NA,2
"258","Massachusetts",2002,1.6,484.9,5.3,-0.61,7.1,1.6,477.8,3.7,2.21,3
"259","Massachusetts",2003,2.07,473.1,5.7,0.47,-11.8,0.4,484.9,5.3,1.6,4
"260","Massachusetts",2004,1.97,460.2,5.1,-0.1,-12.9,-0.6,473.1,5.7,2.07,5
"261","Massachusetts",2005,1.62,461,4.8,-0.35,0.8,-0.3,460.2,5.1,1.97,6
"262","Massachusetts",2006,1.63,500.5,4.9,0.01,39.5,0.1,461,4.8,1.62,7
"263","Massachusetts",2007,1.84,441.7,4.6,0.21,-58.8,-0.3,500.5,4.9,1.63,8
"264","Massachusetts",2008,2.01,463.8,5.5,0.17,22.1,0.9,441.7,4.6,1.84,9
"265","Massachusetts",2009,1.9,462.6,8.1,-0.11,-1.2,2.6,463.8,5.5,2.01,10
"266","Massachusetts",2010,2,468.9,8.3,0.1,6.3,0.2,462.6,8.1,1.9,11
"267","Massachusetts",2011,2.15,427.3,7.3,0.15,-41.6,-1,468.9,8.3,2,12
"268","Massachusetts",2012,2.04,407,6.7,-0.11,-20.3,-0.6,427.3,7.3,2.15,13
"269","Massachusetts",2013,1.86,406.4,6.7,-0.18,-0.6,0,407,6.7,2.04,14
"270","Massachusetts",2014,1.81,391.4,5.7,-0.05,-15,-1,406.4,6.7,1.86,15
"271","Michigan",2000,5.56,555,3.6,NA,NA,NA,NA,NA,NA,1
"272","Michigan",2001,3.41,553.9,5.2,-2.15,-1.1,1.6,555,3.6,5.56,2
"273","Michigan",2002,5.07,540.7,6.3,1.66,-13.2,1.1,553.9,5.2,3.41,3
"274","Michigan",2003,5.3,511.3,7.2,0.23,-29.4,0.9,540.7,6.3,5.07,4
"275","Michigan",2004,6.04,492.2,7,0.74,-19.1,-0.2,511.3,7.2,5.3,5
"276","Michigan",2005,5.62,554,6.8,-0.42,61.8,-0.2,492.2,7,6.04,6
"277","Michigan",2006,6.32,564.4,7,0.7,10.4,0.2,554,6.8,5.62,7
"278","Michigan",2007,7.11,533.8,7,0.79,-30.6,0,564.4,7,6.32,8
"279","Michigan",2008,7.25,514.9,8,0.14,-18.9,1,533.8,7,7.11,9
"280","Michigan",2009,6.67,499.8,13.7,-0.58,-15.1,5.7,514.9,8,7.25,10
"281","Michigan",2010,6.56,493,12.6,-0.11,-6.8,-1.1,499.8,13.7,6.67,11
"282","Michigan",2011,6.93,442.8,10.4,0.37,-50.2,-2.2,493,12.6,6.56,12
"283","Michigan",2012,6.7,455,9.1,-0.23,12.2,-1.3,442.8,10.4,6.93,13
"284","Michigan",2013,6.29,452.2,8.8,-0.41,-2.8,-0.3,455,9.1,6.7,14
"285","Michigan",2014,5.47,427.3,7.2,-0.82,-24.9,-1.6,452.2,8.8,6.29,15
"286","Minnesota",2000,0.01,280.8,3.2,NA,NA,NA,NA,NA,NA,1
"287","Minnesota",2001,2.02,263.7,3.8,2.01,-17.1,0.6,280.8,3.2,0.01,2
"288","Minnesota",2002,2.65,267.2,4.5,0.63,3.5,0.7,263.7,3.8,2.02,3
"289","Minnesota",2003,2.65,262.9,4.9,0,-4.3,0.4,267.2,4.5,2.65,4
"290","Minnesota",2004,2.76,269.8,4.7,0.11,6.9,-0.2,262.9,4.9,2.65,5
"291","Minnesota",2005,1.67,297,4.1,-1.09,27.2,-0.6,269.8,4.7,2.76,6
"292","Minnesota",2006,1.4,310.5,4,-0.27,13.5,-0.1,297,4.1,1.67,7
"293","Minnesota",2007,2.47,289.6,4.6,1.07,-20.9,0.6,310.5,4,1.4,8
"294","Minnesota",2008,2.09,265.4,5.4,-0.38,-24.2,0.8,289.6,4.6,2.47,9
"295","Minnesota",2009,1.65,244.5,7.8,-0.44,-20.9,2.4,265.4,5.4,2.09,10
"296","Minnesota",2010,1.5,235.7,7.4,-0.15,-8.8,-0.4,244.5,7.8,1.65,11
"297","Minnesota",2011,1.68,230.5,6.5,0.18,-5.2,-0.9,235.7,7.4,1.5,12
"298","Minnesota",2012,1.38,230.9,5.6,-0.3,0.4,-0.9,230.5,6.5,1.68,13
"299","Minnesota",2013,1.35,234.4,5,-0.03,3.5,-0.6,230.9,5.6,1.38,14
"300","Minnesota",2014,1.15,229.1,4.2,-0.2,-5.3,-0.8,234.4,5,1.35,15
"301","Mississippi",2000,3.11,360.9,5.4,NA,NA,NA,NA,NA,NA,1
"302","Mississippi",2001,3.52,349.9,5.5,0.41,-11,0.1,360.9,5.4,3.11,2
"303","Mississippi",2002,3.65,343.9,6.6,0.13,-6,1.1,349.9,5.5,3.52,3
"304","Mississippi",2003,3.73,323.9,6.3,0.08,-20,-0.3,343.9,6.6,3.65,4
"305","Mississippi",2004,4.04,295.4,6.2,0.31,-28.5,-0.1,323.9,6.3,3.73,5
"306","Mississippi",2005,3.77,280,7.5,-0.27,-15.4,1.3,295.4,6.2,4.04,6
"307","Mississippi",2006,4.08,311.8,6.5,0.31,31.8,-1,280,7.5,3.77,7
"308","Mississippi",2007,4.36,291.3,6.1,0.28,-20.5,-0.4,311.8,6.5,4.08,8
"309","Mississippi",2008,3.54,304.3,6.6,-0.82,13,0.5,291.3,6.1,4.36,9
"310","Mississippi",2009,3.93,286.3,9.5,0.39,-18,2.9,304.3,6.6,3.54,10
"311","Mississippi",2010,4.07,269.3,10.4,0.14,-17,0.9,286.3,9.5,3.93,11
"312","Mississippi",2011,4.41,269,10,0.34,-0.3,-0.4,269.3,10.4,4.07,12
"313","Mississippi",2012,4.32,260.1,9,-0.09,-8.9,-1,269,10,4.41,13
"314","Mississippi",2013,4.26,277.5,8.5,-0.06,17.4,-0.5,260.1,9,4.32,14
"315","Mississippi",2014,4.36,278.5,7.5,0.1,1,-1,277.5,8.5,4.26,15
"316","Missouri",2000,1.94,490,3.6,NA,NA,NA,NA,NA,NA,1
"317","Missouri",2001,2.64,540.5,4.6,0.7,50.5,1,490,3.6,1.94,2
"318","Missouri",2002,2.96,539,5.4,0.32,-1.5,0.8,540.5,4.6,2.64,3
"319","Missouri",2003,3.29,490.8,5.6,0.33,-48.2,0.2,539,5.4,2.96,4
"320","Missouri",2004,3.66,490.1,5.9,0.37,-0.7,0.3,490.8,5.6,3.29,5
"321","Missouri",2005,3.67,526,5.4,0.01,35.9,-0.5,490.1,5.9,3.66,6
"322","Missouri",2006,3.72,545.9,4.8,0.05,19.9,-0.6,526,5.4,3.67,7
"323","Missouri",2007,3.49,560.7,5.1,-0.23,14.8,0.3,545.9,4.8,3.72,8
"324","Missouri",2008,3.73,502.4,6.1,0.24,-58.3,1,560.7,5.1,3.49,9
"325","Missouri",2009,3.33,492.9,9.3,-0.4,-9.5,3.2,502.4,6.1,3.73,10
"326","Missouri",2010,3.98,457.7,9.6,0.65,-35.2,0.3,492.9,9.3,3.33,11
"327","Missouri",2011,3.7,447.5,8.5,-0.28,-10.2,-1.1,457.7,9.6,3.98,12
"328","Missouri",2012,3.85,451.3,6.9,0.15,3.8,-1.6,447.5,8.5,3.7,13
"329","Missouri",2013,3.5,433.7,6.7,-0.35,-17.6,-0.2,451.3,6.9,3.85,14
"330","Missouri",2014,3.27,442.9,6.1,-0.23,9.2,-0.6,433.7,6.7,3.5,15
"331","Montana",2000,0.44,311.1,5,NA,NA,NA,NA,NA,NA,1
"332","Montana",2001,0.38,352,4.5,-0.06,40.9,-0.5,311.1,5,0.44,2
"333","Montana",2002,0.5,351.2,4.4,0.12,-0.8,-0.1,352,4.5,0.38,3
"334","Montana",2003,0.65,365,4.7,0.15,13.8,0.3,351.2,4.4,0.5,4
"335","Montana",2004,0.69,293.8,4.8,0.04,-71.2,0.1,365,4.7,0.65,5
"336","Montana",2005,0.8,282,4.4,0.11,-11.8,-0.4,293.8,4.8,0.69,6
"337","Montana",2006,0.72,377.3,3.5,-0.08,95.3,-0.9,282,4.4,0.8,7
"338","Montana",2007,0.7,379.8,3.6,-0.02,2.5,0.1,377.3,3.5,0.72,8
"339","Montana",2008,0.71,311.4,5.1,0.01,-68.4,1.5,379.8,3.6,0.7,9
"340","Montana",2009,0.69,287,6.8,-0.02,-24.4,1.7,311.4,5.1,0.71,10
"341","Montana",2010,0.7,275.8,7.3,0.01,-11.2,0.5,287,6.8,0.69,11
"342","Montana",2011,0.71,276.1,6.9,0.01,0.3,-0.4,275.8,7.3,0.7,12
"343","Montana",2012,0.74,278.8,6,0.03,2.7,-0.9,276.1,6.9,0.71,13
"344","Montana",2013,0.81,288.1,5.4,0.07,9.3,-0.6,278.8,6,0.74,14
"345","Montana",2014,0.9,323.7,4.7,0.09,35.6,-0.7,288.1,5.4,0.81,15
"346","Nebraska",2000,2,327.6,2.8,NA,NA,NA,NA,NA,NA,1
"347","Nebraska",2001,2.42,303.1,3.1,0.42,-24.5,0.3,327.6,2.8,2,2
"348","Nebraska",2002,2.44,314.2,3.6,0.02,11.1,0.5,303.1,3.1,2.42,3
"349","Nebraska",2003,2.36,293.8,3.9,-0.08,-20.4,0.3,314.2,3.6,2.44,4
"350","Nebraska",2004,2.43,308.6,3.9,0.07,14.8,0,293.8,3.9,2.36,5
"351","Nebraska",2005,2.48,287,3.8,0.05,-21.6,-0.1,308.6,3.9,2.43,6
"352","Nebraska",2006,2.59,293.9,3.1,0.11,6.9,-0.7,287,3.8,2.48,7
"353","Nebraska",2007,2.58,311.3,3,-0.01,17.4,-0.1,293.9,3.1,2.59,8
"354","Nebraska",2008,2.54,312.3,3.3,-0.04,1,0.3,311.3,3,2.58,9
"355","Nebraska",2009,2.35,289.4,4.6,-0.19,-22.9,1.3,312.3,3.3,2.54,10
"356","Nebraska",2010,2.32,278.3,4.6,-0.03,-11.1,0,289.4,4.6,2.35,11
"357","Nebraska",2011,2.2,253.6,4.4,-0.12,-24.7,-0.2,278.3,4.6,2.32,12
"358","Nebraska",2012,2.11,258.8,4,-0.09,5.2,-0.4,253.6,4.4,2.2,13
"359","Nebraska",2013,2.18,264.8,3.8,0.07,6,-0.2,258.8,4,2.11,14
"360","Nebraska",2014,2.24,280.4,3.3,0.06,15.6,-0.5,264.8,3.8,2.18,15
"361","Nevada",2000,7.25,524.2,4.2,NA,NA,NA,NA,NA,NA,1
"362","Nevada",2001,6.73,589.2,5.2,-0.52,65,1,524.2,4.2,7.25,2
"363","Nevada",2002,6.53,639.3,5.6,-0.2,50.1,0.4,589.2,5.2,6.73,3
"364","Nevada",2003,7.11,616,5.1,0.58,-23.3,-0.5,639.3,5.6,6.53,4
"365","Nevada",2004,6.89,616.4,4.3,-0.22,0.4,-0.8,616,5.1,7.11,5
"366","Nevada",2005,7.3,608,4.1,0.41,-8.4,-0.2,616.4,4.3,6.89,6
"367","Nevada",2006,7.38,748.8,4,0.08,140.8,-0.1,608,4.1,7.3,7
"368","Nevada",2007,6.57,754.9,4.5,-0.81,6.1,0.5,748.8,4,7.38,8
"369","Nevada",2008,5.85,729.7,6.7,-0.72,-25.2,2.2,754.9,4.5,6.57,9
"370","Nevada",2009,4.91,705.2,11.3,-0.94,-24.5,4.6,729.7,6.7,5.85,10
"371","Nevada",2010,4.69,663,13.5,-0.22,-42.2,2.2,705.2,11.3,4.91,11
"372","Nevada",2011,4.96,568.1,13,0.27,-94.9,-0.5,663,13.5,4.69,12
"373","Nevada",2012,6.32,608.6,11.2,1.36,40.5,-1.8,568.1,13,4.96,13
"374","Nevada",2013,6.17,605,9.6,-0.15,-3.6,-1.6,608.6,11.2,6.32,14
"375","Nevada",2014,4.49,635.6,7.9,-1.68,30.6,-1.7,605,9.6,6.17,15
"376","New Hampshire",2000,NA,175.4,2.7,NA,NA,NA,NA,NA,NA,1
"377","New Hampshire",2001,NA,170.2,3.4,NA,-5.2,0.7,175.4,2.7,NA,2
"378","New Hampshire",2002,NA,161.3,4.5,NA,-8.9,1.1,170.2,3.4,NA,3
"379","New Hampshire",2003,NA,150.3,4.3,NA,-11,-0.2,161.3,4.5,NA,4
"380","New Hampshire",2004,1.2,169.5,3.8,NA,19.2,-0.5,150.3,4.3,NA,5
"381","New Hampshire",2005,1.62,135,3.6,0.42,-34.5,-0.2,169.5,3.8,1.2,6
"382","New Hampshire",2006,2.5,138.8,3.4,0.88,3.8,-0.2,135,3.6,1.62,7
"383","New Hampshire",2007,2.62,144.1,3.5,0.12,5.3,0.1,138.8,3.4,2.5,8
"384","New Hampshire",2008,3.02,156.1,3.9,0.4,12,0.4,144.1,3.5,2.62,9
"385","New Hampshire",2009,2.27,160.4,6.2,-0.75,4.3,2.3,156.1,3.9,3.02,10
"386","New Hampshire",2010,1.89,167.4,5.8,-0.38,7,-0.4,160.4,6.2,2.27,11
"387","New Hampshire",2011,1.74,217.3,5.4,-0.15,49.9,-0.4,167.4,5.8,1.89,12
"388","New Hampshire",2012,1.35,215,5.5,-0.39,-2.3,0.1,217.3,5.4,1.74,13
"389","New Hampshire",2013,1.92,223.2,5.1,0.57,8.2,-0.4,215,5.5,1.35,14
"390","New Hampshire",2014,2.17,196.1,4.3,0.25,-27.1,-0.8,223.2,5.1,1.92,15
"391","New Jersey",2000,NA,383.8,3.7,NA,NA,NA,NA,NA,NA,1
"392","New Jersey",2001,2.3,388.8,4.3,NA,5,0.6,383.8,3.7,NA,2
"393","New Jersey",2002,2.13,376.1,5.8,-0.17,-12.7,1.5,388.8,4.3,2.3,3
"394","New Jersey",2003,2.15,364.3,5.8,0.02,-11.8,0,376.1,5.8,2.13,4
"395","New Jersey",2004,0.44,356.3,4.8,-1.71,-8,-1,364.3,5.8,2.15,5
"396","New Jersey",2005,0.03,355,4.5,-0.41,-1.3,-0.3,356.3,4.8,0.44,6
"397","New Jersey",2006,0.93,350.2,4.7,0.9,-4.8,0.2,355,4.5,0.03,7
"398","New Jersey",2007,1.97,328.6,4.3,1.04,-21.6,-0.4,350.2,4.7,0.93,8
"399","New Jersey",2008,1.92,326.5,5.3,-0.05,-2.1,1,328.6,4.3,1.97,9
"400","New Jersey",2009,1.94,311.4,9.1,0.02,-15.1,3.8,326.5,5.3,1.92,10
"401","New Jersey",2010,1.2,307.5,9.5,-0.74,-3.9,0.4,311.4,9.1,1.94,11
"402","New Jersey",2011,1.21,307.9,9.3,0.01,0.4,-0.2,307.5,9.5,1.2,12
"403","New Jersey",2012,1.16,290.1,9.3,-0.05,-17.8,0,307.9,9.3,1.21,13
"404","New Jersey",2013,1.17,288.9,8.2,0.01,-1.2,-1.1,290.1,9.3,1.16,14
"405","New Jersey",2014,1.1,261.2,6.8,-0.07,-27.7,-1.4,288.9,8.2,1.17,15
"406","New Mexico",2000,4.92,757.9,4.9,NA,NA,NA,NA,NA,NA,1
"407","New Mexico",2001,4.97,780.4,4.9,0.05,22.5,0,757.9,4.9,4.92,2
"408","New Mexico",2002,3.92,740.7,5.5,-1.05,-39.7,0.6,780.4,4.9,4.97,3
"409","New Mexico",2003,3.79,667.3,5.9,-0.13,-73.4,0.4,740.7,5.5,3.92,4
"410","New Mexico",2004,3.62,687.4,5.5,-0.17,20.1,-0.4,667.3,5.9,3.79,5
"411","New Mexico",2005,3.98,646,5.1,0.36,-41.4,-0.4,687.4,5.5,3.62,6
"412","New Mexico",2006,4.52,654.7,4.2,0.54,8.7,-0.9,646,5.1,3.98,7
"413","New Mexico",2007,4.59,675.7,3.8,0.07,21,-0.4,654.7,4.2,4.52,8
"414","New Mexico",2008,4.15,653.5,4.5,-0.44,-22.2,0.7,675.7,3.8,4.59,9
"415","New Mexico",2009,4.26,632.4,7.5,0.11,-21.1,3,653.5,4.5,4.15,10
"416","New Mexico",2010,4.05,588,8.1,-0.21,-44.4,0.6,632.4,7.5,4.26,11
"417","New Mexico",2011,3.84,572.7,7.5,-0.21,-15.3,-0.6,588,8.1,4.05,12
"418","New Mexico",2012,3.95,559.6,7.1,0.11,-13.1,-0.4,572.7,7.5,3.84,13
"419","New Mexico",2013,4.05,622.5,6.9,0.1,62.9,-0.2,559.6,7.1,3.95,14
"420","New Mexico",2014,3.79,597.4,6.7,-0.26,-25.1,-0.2,622.5,6.9,4.05,15
"421","New York",2000,2,553.9,4.5,NA,NA,NA,NA,NA,NA,1
"422","New York",2001,1.89,513.6,4.8,-0.11,-40.3,0.3,553.9,4.5,2,2
"423","New York",2002,1.88,496.6,6.1,-0.01,-17,1.3,513.6,4.8,1.89,3
"424","New York",2003,1.87,465.8,6.4,-0.01,-30.8,0.3,496.6,6.1,1.88,4
"425","New York",2004,1.84,440.4,5.8,-0.03,-25.4,-0.6,465.8,6.4,1.87,5
"426","New York",2005,1.99,444,5,0.15,3.6,-0.8,440.4,5.8,1.84,6
"427","New York",2006,2.7,435.2,4.5,0.71,-8.8,-0.5,444,5,1.99,7
"428","New York",2007,1.5,414.4,4.6,-1.2,-20.8,0.1,435.2,4.5,2.7,8
"429","New York",2008,2.06,397.9,5.4,0.56,-16.5,0.8,414.4,4.6,1.5,9
"430","New York",2009,1.45,384.4,8.3,-0.61,-13.5,2.9,397.9,5.4,2.06,10
"431","New York",2010,1.3,394.4,8.6,-0.15,10,0.3,384.4,8.3,1.45,11
"432","New York",2011,0.13,397.2,8.3,-1.17,2.8,-0.3,394.4,8.6,1.3,12
"433","New York",2012,0.58,406.3,8.5,0.45,9.1,0.2,397.2,8.3,0.13,13
"434","New York",2013,0.48,393.8,7.7,-0.1,-12.5,-0.8,406.3,8.5,0.58,14
"435","New York",2014,0.79,381.8,6.3,0.31,-12,-1.4,393.8,7.7,0.48,15
"436","North Carolina",2000,5.67,497.6,3.7,NA,NA,NA,NA,NA,NA,1
"437","North Carolina",2001,3.79,493.1,5.5,-1.88,-4.5,1.8,497.6,3.7,5.67,2
"438","North Carolina",2002,3.33,471,6.6,-0.46,-22.1,1.1,493.1,5.5,3.79,3
"439","North Carolina",2003,3.08,454.1,6.4,-0.25,-16.9,-0.2,471,6.6,3.33,4
"440","North Carolina",2004,5.03,447.8,5.5,1.95,-6.3,-0.9,454.1,6.4,3.08,5
"441","North Carolina",2005,4.9,469,5.2,-0.13,21.2,-0.3,447.8,5.5,5.03,6
"442","North Carolina",2006,4.87,475.2,4.7,-0.03,6.2,-0.5,469,5.2,4.9,7
"443","North Carolina",2007,5.82,466.1,4.7,0.95,-9.1,0,475.2,4.7,4.87,8
"444","North Carolina",2008,6.4,467.6,6.1,0.58,1.5,1.4,466.1,4.7,5.82,9
"445","North Carolina",2009,5.91,404.5,10.6,-0.49,-63.1,4.5,467.6,6.1,6.4,10
"446","North Carolina",2010,5.68,362.7,10.9,-0.23,-41.8,0.3,404.5,10.6,5.91,11
"447","North Carolina",2011,5.26,346.3,10.3,-0.42,-16.4,-0.6,362.7,10.9,5.68,12
"448","North Carolina",2012,4.67,353.5,9.3,-0.59,7.2,-1,346.3,10.3,5.26,13
"449","North Carolina",2013,4.43,341,8,-0.24,-12.5,-1.3,353.5,9.3,4.67,14
"450","North Carolina",2014,4.66,329.5,6.3,0.23,-11.5,-1.7,341,8,4.43,15
"451","Ohio",2000,2.13,334.1,4,NA,NA,NA,NA,NA,NA,1
"452","Ohio",2001,2.79,351.4,4.3,0.66,17.3,0.3,334.1,4,2.13,2
"453","Ohio",2002,3.59,351.7,5.7,0.8,0.3,1.4,351.4,4.3,2.79,3
"454","Ohio",2003,3.63,333.9,6.2,0.04,-17.8,0.5,351.7,5.7,3.59,4
"455","Ohio",2004,3.84,338.7,6.3,0.21,4.8,0.1,333.9,6.2,3.63,5
"456","Ohio",2005,3.82,350,5.9,-0.02,11.3,-0.4,338.7,6.3,3.84,6
"457","Ohio",2006,3.72,361.5,5.4,-0.1,11.5,-0.5,350,5.9,3.82,7
"458","Ohio",2007,3.54,355.4,5.6,-0.18,-6.1,0.2,361.5,5.4,3.72,8
"459","Ohio",2008,3.94,352,6.4,0.4,-3.4,0.8,355.4,5.6,3.54,9
"460","Ohio",2009,3.58,331.9,10.3,-0.36,-20.1,3.9,352,6.4,3.94,10
"461","Ohio",2010,3.59,314.7,10.3,0.01,-17.2,0,331.9,10.3,3.58,11
"462","Ohio",2011,4.02,305.2,8.8,0.43,-9.5,-1.5,314.7,10.3,3.59,12
"463","Ohio",2012,3.91,301.5,7.4,-0.11,-3.7,-1.4,305.2,8.8,4.02,13
"464","Ohio",2013,3.83,291.4,7.5,-0.08,-10.1,0.1,301.5,7.4,3.91,14
"465","Ohio",2014,3.39,284.9,5.8,-0.44,-6.5,-1.7,291.4,7.5,3.83,15
"466","Oklahoma",2000,2.33,497.8,3,NA,NA,NA,NA,NA,NA,1
"467","Oklahoma",2001,3.6,510.9,3.7,1.27,13.1,0.7,497.8,3,2.33,2
"468","Oklahoma",2002,3.95,504,4.7,0.35,-6.9,1,510.9,3.7,3.6,3
"469","Oklahoma",2003,4.11,506.4,5.5,0.16,2.4,0.8,504,4.7,3.95,4
"470","Oklahoma",2004,4.38,500.5,4.9,0.27,-5.9,-0.6,506.4,5.5,4.11,5
"471","Oklahoma",2005,4.58,509,4.5,0.2,8.5,-0.4,500.5,4.9,4.38,6
"472","Oklahoma",2006,4.7,500.2,4,0.12,-8.8,-0.5,509,4.5,4.58,7
"473","Oklahoma",2007,4.3,504.1,4.1,-0.4,3.9,0.1,500.2,4,4.7,8
"474","Oklahoma",2008,4.3,531.5,3.7,0,27.4,-0.4,504.1,4.1,4.3,9
"475","Oklahoma",2009,3.69,503.4,6.4,-0.61,-28.1,2.7,531.5,3.7,4.3,10
"476","Oklahoma",2010,3.67,481.4,6.8,-0.02,-22,0.4,503.4,6.4,3.69,11
"477","Oklahoma",2011,3.75,457.5,5.9,0.08,-23.9,-0.9,481.4,6.8,3.67,12
"478","Oklahoma",2012,2.8,474.4,5.2,-0.95,16.9,-0.7,457.5,5.9,3.75,13
"479","Oklahoma",2013,3.55,446.1,5.3,0.75,-28.3,0.1,474.4,5.2,2.8,14
"480","Oklahoma",2014,3.87,406,4.5,0.32,-40.1,-0.8,446.1,5.3,3.55,15
"481","Oregon",2000,2.55,350.7,5.1,NA,NA,NA,NA,NA,NA,1
"482","Oregon",2001,2.41,306.6,6.4,-0.14,-44.1,1.3,350.7,5.1,2.55,2
"483","Oregon",2002,2.46,292.5,7.5,0.05,-14.1,1.1,306.6,6.4,2.41,3
"484","Oregon",2003,2.56,294.8,8.1,0.1,2.3,0.6,292.5,7.5,2.46,4
"485","Oregon",2004,2.66,298.6,7.3,0.1,3.8,-0.8,294.8,8.1,2.56,5
"486","Oregon",2005,2.57,287,6.2,-0.09,-11.6,-1.1,298.6,7.3,2.66,6
"487","Oregon",2006,2.28,284.6,5.3,-0.29,-2.4,-0.9,287,6.2,2.57,7
"488","Oregon",2007,1.91,293.9,5.2,-0.37,9.3,-0.1,284.6,5.3,2.28,8
"489","Oregon",2008,1.76,261.4,6.5,-0.15,-32.5,1.3,293.9,5.2,1.91,9
"490","Oregon",2009,1.48,260.6,11.3,-0.28,-0.8,4.8,261.4,6.5,1.76,10
"491","Oregon",2010,1.48,251.4,10.6,0,-9.2,-0.7,260.6,11.3,1.48,11
"492","Oregon",2011,1.38,249.3,9.5,-0.1,-2.1,-1.1,251.4,10.6,1.48,12
"493","Oregon",2012,1.33,247.1,8.8,-0.05,-2.2,-0.7,249.3,9.5,1.38,13
"494","Oregon",2013,1.17,242.8,7.9,-0.16,-4.3,-0.9,247.1,8.8,1.33,14
"495","Oregon",2014,0.97,232.3,6.8,-0.2,-10.5,-1.1,242.8,7.9,1.17,15
"496","Pennsylvania",2000,3.03,420,4.1,NA,NA,NA,NA,NA,NA,1
"497","Pennsylvania",2001,3.21,409.9,4.8,0.18,-10.1,0.7,420,4.1,3.03,2
"498","Pennsylvania",2002,3.17,402.1,5.6,-0.04,-7.8,0.8,409.9,4.8,3.21,3
"499","Pennsylvania",2003,3.53,397.8,5.7,0.36,-4.3,0.1,402.1,5.6,3.17,4
"500","Pennsylvania",2004,3.45,411.5,5.4,-0.08,13.7,-0.3,397.8,5.7,3.53,5
"501","Pennsylvania",2005,3.24,425,5,-0.21,13.5,-0.4,411.5,5.4,3.45,6
"502","Pennsylvania",2006,4.11,442.3,4.6,0.87,17.3,-0.4,425,5,3.24,7
"503","Pennsylvania",2007,2.71,416.7,4.4,-1.4,-25.6,-0.2,442.3,4.6,4.11,8
"504","Pennsylvania",2008,2.57,410,5.3,-0.14,-6.7,0.9,416.7,4.4,2.71,9
"505","Pennsylvania",2009,2.4,382.3,8,-0.17,-27.7,2.7,410,5.3,2.57,10
"506","Pennsylvania",2010,2.5,366.5,8.5,0.1,-15.8,0.5,382.3,8,2.4,11
"507","Pennsylvania",2011,2.5,362.4,7.9,0,-4.1,-0.6,366.5,8.5,2.5,12
"508","Pennsylvania",2012,2.49,355.5,7.8,-0.01,-6.9,-0.1,362.4,7.9,2.5,13
"509","Pennsylvania",2013,2.36,335.1,7.4,-0.13,-20.4,-0.4,355.5,7.8,2.49,14
"510","Pennsylvania",2014,2.37,314.1,5.9,0.01,-21,-1.5,335.1,7.4,2.36,15
"511","Rhode Island",2000,NA,297.7,4.1,NA,NA,NA,NA,NA,NA,1
"512","Rhode Island",2001,1.27,309.3,4.6,NA,11.6,0.5,297.7,4.1,NA,2
"513","Rhode Island",2002,NA,285.6,5,NA,-23.7,0.4,309.3,4.6,1.27,3
"514","Rhode Island",2003,NA,285.7,5.3,NA,0.1,0.3,285.6,5,NA,4
"515","Rhode Island",2004,NA,247.5,5.2,NA,-38.2,-0.1,285.7,5.3,NA,5
"516","Rhode Island",2005,NA,252,5,NA,4.5,-0.2,247.5,5.2,NA,6
"517","Rhode Island",2006,NA,230.4,4.9,NA,-21.6,-0.1,252,5,NA,7
"518","Rhode Island",2007,2.25,229.1,5.2,NA,-1.3,0.3,230.4,4.9,NA,8
"519","Rhode Island",2008,2.31,252.8,7.8,0.06,23.7,2.6,229.1,5.2,2.25,9
"520","Rhode Island",2009,2.38,254.3,11,0.07,1.5,3.2,252.8,7.8,2.31,10
"521","Rhode Island",2010,2.68,257.4,11.2,0.3,3.1,0.2,254.3,11,2.38,11
"522","Rhode Island",2011,2.97,246.1,11,0.29,-11.3,-0.2,257.4,11.2,2.68,12
"523","Rhode Island",2012,2.4,253,10.4,-0.57,6.9,-0.6,246.1,11,2.97,13
"524","Rhode Island",2013,2.86,257.3,9.3,0.46,4.3,-1.1,253,10.4,2.4,14
"525","Rhode Island",2014,2.68,219.2,7.7,-0.18,-38.1,-1.6,257.3,9.3,2.86,15
"526","South Carolina",2000,NA,828.1,3.8,NA,NA,NA,NA,NA,NA,1
"527","South Carolina",2001,NA,815.2,5.2,NA,-12.9,1.4,828.1,3.8,NA,2
"528","South Carolina",2002,NA,822.7,5.8,NA,7.5,0.6,815.2,5.2,NA,3
"529","South Carolina",2003,NA,806.4,6.9,NA,-16.3,1.1,822.7,5.8,NA,4
"530","South Carolina",2004,NA,789.9,6.8,NA,-16.5,-0.1,806.4,6.9,NA,5
"531","South Carolina",2005,NA,767,6.7,NA,-22.9,-0.1,789.9,6.8,NA,6
"532","South Carolina",2006,NA,771.1,6.4,NA,4.1,-0.3,767,6.7,NA,7
"533","South Carolina",2007,NA,785.7,5.7,NA,14.6,-0.7,771.1,6.4,NA,8
"534","South Carolina",2008,NA,731,6.8,NA,-54.7,1.1,785.7,5.7,NA,9
"535","South Carolina",2009,2.34,675.2,11.2,NA,-55.8,4.4,731,6.8,NA,10
"536","South Carolina",2010,4.3,602.2,11.2,1.96,-73,0,675.2,11.2,2.34,11
"537","South Carolina",2011,4.14,596.9,10.6,-0.16,-5.3,-0.6,602.2,11.2,4.3,12
"538","South Carolina",2012,4.15,560.5,9.2,0.01,-36.4,-1.4,596.9,10.6,4.14,13
"539","South Carolina",2013,3.97,508.5,7.6,-0.18,-52,-1.6,560.5,9.2,4.15,14
"540","South Carolina",2014,3.46,497.7,6.5,-0.51,-10.8,-1.1,508.5,7.6,3.97,15
"541","Tennessee",2000,1.85,707.2,3.9,NA,NA,NA,NA,NA,NA,1
"542","Tennessee",2001,3.28,744,4.6,1.43,36.8,0.7,707.2,3.9,1.85,2
"543","Tennessee",2002,2.98,717.8,5.2,-0.3,-26.2,0.6,744,4.6,3.28,3
"544","Tennessee",2003,3.54,691.3,5.6,0.56,-26.5,0.4,717.8,5.2,2.98,4
"545","Tennessee",2004,3.57,697.6,5.3,0.03,6.3,-0.3,691.3,5.6,3.54,5
"546","Tennessee",2005,3.8,757,5.6,0.23,59.4,0.3,697.6,5.3,3.57,6
"547","Tennessee",2006,3.78,762.5,5.2,-0.02,5.5,-0.4,757,5.6,3.8,7
"548","Tennessee",2007,3.4,755,4.7,-0.38,-7.5,-0.5,762.5,5.2,3.78,8
"549","Tennessee",2008,3.66,722.7,6.6,0.26,-32.3,1.9,755,4.7,3.4,9
"550","Tennessee",2009,3.67,666,10.5,0.01,-56.7,3.9,722.7,6.6,3.66,10
"551","Tennessee",2010,3.66,612,9.7,-0.01,-54,-0.8,666,10.5,3.67,11
"552","Tennessee",2011,3.79,607.8,9,0.13,-4.2,-0.7,612,9.7,3.66,12
"553","Tennessee",2012,3.8,638.5,7.8,0.01,30.7,-1.2,607.8,9,3.79,13
"554","Tennessee",2013,2.62,585.8,7.8,-1.18,-52.7,0,638.5,7.8,3.8,14
"555","Tennessee",2014,2.77,608.4,6.6,0.15,22.6,-1.2,585.8,7.8,2.62,15
"556","Texas",2000,1.58,545.1,4.3,NA,NA,NA,NA,NA,NA,1
"557","Texas",2001,2.3,571.6,5,0.72,26.5,0.7,545.1,4.3,1.58,2
"558","Texas",2002,2.72,579.7,6.4,0.42,8.1,1.4,571.6,5,2.3,3
"559","Texas",2003,2.85,553.1,6.7,0.13,-26.6,0.3,579.7,6.4,2.72,4
"560","Texas",2004,2.87,540.9,5.9,0.02,-12.2,-0.8,553.1,6.7,2.85,5
"561","Texas",2005,3,528,5.4,0.13,-12.9,-0.5,540.9,5.9,2.87,6
"562","Texas",2006,3.34,517.3,4.9,0.34,-10.7,-0.5,528,5.4,3,7
"563","Texas",2007,3.25,510.4,4.3,-0.09,-6.9,-0.6,517.3,4.9,3.34,8
"564","Texas",2008,2.98,508,4.8,-0.27,-2.4,0.5,510.4,4.3,3.25,9
"565","Texas",2009,2.86,491,7.6,-0.12,-17,2.8,508,4.8,2.98,10
"566","Texas",2010,2.91,448.4,8.1,0.05,-42.6,0.5,491,7.6,2.86,11
"567","Texas",2011,2.8,408.6,7.8,-0.11,-39.8,-0.3,448.4,8.1,2.91,12
"568","Texas",2012,2.84,408.6,6.7,0.04,0,-1.1,408.6,7.8,2.8,13
"569","Texas",2013,2.78,410.3,6.3,-0.06,1.7,-0.4,408.6,6.7,2.84,14
"570","Texas",2014,2.8,405.9,5.1,0.02,-4.4,-1.2,410.3,6.3,2.78,15
"571","Utah",2000,0.35,255.7,3.3,NA,NA,NA,NA,NA,NA,1
"572","Utah",2001,0.99,233.2,4.4,0.64,-22.5,1.1,255.7,3.3,0.35,2
"573","Utah",2002,1.72,236.7,5.8,0.73,3.5,1.4,233.2,4.4,0.99,3
"574","Utah",2003,1.68,250.4,5.6,-0.04,13.7,-0.2,236.7,5.8,1.72,4
"575","Utah",2004,1.48,233.3,5,-0.2,-17.1,-0.6,250.4,5.6,1.68,5
"576","Utah",2005,1.41,225,4.1,-0.07,-8.3,-0.9,233.3,5,1.48,6
"577","Utah",2006,1.25,226.3,3,-0.16,1.3,-1.1,225,4.1,1.41,7
"578","Utah",2007,1.26,239.9,2.6,0.01,13.6,-0.4,226.3,3,1.25,8
"579","Utah",2008,1.2,225.3,3.6,-0.06,-14.6,1,239.9,2.6,1.26,9
"580","Utah",2009,1.21,215.4,7.3,0.01,-9.9,3.7,225.3,3.6,1.2,10
"581","Utah",2010,1.08,213.5,7.8,-0.13,-1.9,0.5,215.4,7.3,1.21,11
"582","Utah",2011,1.13,197.1,6.7,0.05,-16.4,-1.1,213.5,7.8,1.08,12
"583","Utah",2012,1.18,208,5.4,0.05,10.9,-1.3,197.1,6.7,1.13,13
"584","Utah",2013,1.12,228.9,4.6,-0.06,20.9,-0.8,208,5.4,1.18,14
"585","Utah",2014,1.24,215.6,3.8,0.12,-13.3,-0.8,228.9,4.6,1.12,15
"586","Vermont",2000,0,113.5,2.8,NA,NA,NA,NA,NA,NA,1
"587","Vermont",2001,0.07,105.1,3.3,0.07,-8.4,0.5,113.5,2.8,0,2
"588","Vermont",2002,0.03,106.7,4,-0.04,1.6,0.7,105.1,3.3,0.07,3
"589","Vermont",2003,0.08,114.2,4.3,0.05,7.5,0.3,106.7,4,0.03,4
"590","Vermont",2004,0.03,114.8,3.7,-0.05,0.6,-0.6,114.2,4.3,0.08,5
"591","Vermont",2005,0.02,126,3.5,-0.01,11.2,-0.2,114.8,3.7,0.03,6
"592","Vermont",2006,0.21,145.1,3.7,0.19,19.1,0.2,126,3.5,0.02,7
"593","Vermont",2007,0.17,129.1,4,-0.04,-16,0.3,145.1,3.7,0.21,8
"594","Vermont",2008,0.45,137.5,4.7,0.28,8.4,0.7,129.1,4,0.17,9
"595","Vermont",2009,0.45,134.6,6.6,0,-2.9,1.9,137.5,4.7,0.45,10
"596","Vermont",2010,0.13,131,6.1,-0.32,-3.6,-0.5,134.6,6.6,0.45,11
"597","Vermont",2011,0.1,147.6,5.5,-0.03,16.6,-0.6,131,6.1,0.13,12
"598","Vermont",2012,0.02,142.3,5,-0.08,-5.3,-0.5,147.6,5.5,0.1,13
"599","Vermont",2013,0.06,123.6,4.4,0.04,-18.7,-0.6,142.3,5,0.02,14
"600","Vermont",2014,0.14,99.3,3.9,0.08,-24.3,-0.5,123.6,4.4,0.06,15
"601","Virginia",2000,6.17,281.7,2.3,NA,NA,NA,NA,NA,NA,1
"602","Virginia",2001,6.12,291,3.2,-0.05,9.3,0.9,281.7,2.3,6.17,2
"603","Virginia",2002,6.54,291.7,4.2,0.42,0.7,1,291,3.2,6.12,3
"604","Virginia",2003,5.96,278.2,4.1,-0.58,-13.5,-0.1,291.7,4.2,6.54,4
"605","Virginia",2004,6.2,275.5,3.8,0.24,-2.7,-0.3,278.2,4.1,5.96,5
"606","Virginia",2005,5.66,283,3.6,-0.54,7.5,-0.2,275.5,3.8,6.2,6
"607","Virginia",2006,5.49,283.7,3.1,-0.17,0.7,-0.5,283,3.6,5.66,7
"608","Virginia",2007,6.14,272.8,3,0.65,-10.9,-0.1,283.7,3.1,5.49,8
"609","Virginia",2008,6.86,257.8,3.9,0.72,-15,0.9,272.8,3,6.14,9
"610","Virginia",2009,6.09,230.8,6.7,-0.77,-27,2.8,257.8,3.9,6.86,10
"611","Virginia",2010,6.59,214.2,7.1,0.5,-16.6,0.4,230.8,6.7,6.09,11
"612","Virginia",2011,5.77,197.6,6.6,-0.82,-16.6,-0.5,214.2,7.1,6.59,12
"613","Virginia",2012,5.47,191.5,6.1,-0.3,-6.1,-0.5,197.6,6.6,5.77,13
"614","Virginia",2013,5.64,197.8,5.7,0.17,6.3,-0.4,191.5,6.1,5.47,14
"615","Virginia",2014,5.57,196.2,5.2,-0.07,-1.6,-0.5,197.8,5.7,5.64,15
"616","West Virginia",2000,0.47,316.5,5.2,NA,NA,NA,NA,NA,NA,1
"617","West Virginia",2001,2,279.6,6.3,1.53,-36.9,1.1,316.5,5.2,0.47,2
"618","West Virginia",2002,1.3,233.9,7.4,-0.7,-45.7,1.1,279.6,6.3,2,3
"619","West Virginia",2003,1.96,255.4,7.4,0.66,21.5,0,233.9,7.4,1.3,4
"620","West Virginia",2004,2.06,281.9,6.3,0.1,26.5,-1.1,255.4,7.4,1.96,5
"621","West Virginia",2005,2.01,274,5.6,-0.05,-7.9,-0.7,281.9,6.3,2.06,6
"622","West Virginia",2006,2.32,281.2,5,0.31,7.2,-0.6,274,5.6,2.01,7
"623","West Virginia",2007,3.18,276.8,4.7,0.86,-4.4,-0.3,281.2,5,2.32,8
"624","West Virginia",2008,3.35,275.9,5.4,0.17,-0.9,0.7,276.8,4.7,3.18,9
"625","West Virginia",2009,3.61,305.2,9.2,0.26,29.3,3.8,275.9,5.4,3.35,10
"626","West Virginia",2010,3.63,301.2,10,0.02,-4,0.8,305.2,9.2,3.61,11
"627","West Virginia",2011,3.88,296.3,9.3,0.25,-4.9,-0.7,301.2,10,3.63,12
"628","West Virginia",2012,3.89,320.1,8.1,0.01,23.8,-1.2,296.3,9.3,3.88,13
"629","West Virginia",2013,3.88,305.2,7,-0.01,-14.9,-1.1,320.1,8.1,3.89,14
"630","West Virginia",2014,3.75,302,6.1,-0.13,-3.2,-0.9,305.2,7,3.88,15
"631","Washington ",2000,1.44,369.7,5.5,NA,NA,NA,NA,NA,NA,1
"632","Washington ",2001,1.21,354.7,5,-0.23,-15,-0.5,369.7,5.5,1.44,2
"633","Washington ",2002,1.06,345.5,5.9,-0.15,-9.2,0.9,354.7,5,1.21,3
"634","Washington ",2003,1.31,346.9,6,0.25,1.4,0.1,345.5,5.9,1.06,4
"635","Washington ",2004,1.38,343.6,5.3,0.07,-3.3,-0.7,346.9,6,1.31,5
"636","Washington ",2005,1.45,346,5.1,0.07,2.4,-0.2,343.6,5.3,1.38,6
"637","Washington ",2006,1.28,348.7,4.9,-0.17,2.7,-0.2,346,5.1,1.45,7
"638","Washington ",2007,1.1,336.5,4.6,-0.18,-12.2,-0.3,348.7,4.9,1.28,8
"639","Washington ",2008,0.93,334.2,4.3,-0.17,-2.3,-0.3,336.5,4.6,1.1,9
"640","Washington ",2009,0.87,336.3,7.7,-0.06,2.1,3.4,334.2,4.3,0.93,10
"641","Washington ",2010,0.94,313.5,8.7,0.07,-22.8,1,336.3,7.7,0.87,11
"642","Washington ",2011,0.92,295.3,8.1,-0.02,-18.2,-0.6,313.5,8.7,0.94,12
"643","Washington ",2012,0.94,298.1,7.5,0.02,2.8,-0.6,295.3,8.1,0.92,13
"644","Washington ",2013,0.93,290,6.8,-0.01,-8.1,-0.7,298.1,7.5,0.94,14
"645","Washington ",2014,0.8,285.2,6.6,-0.13,-4.8,-0.2,290,6.8,0.93,15
"646","Wisconsin",2000,3.18,236.8,3.5,NA,NA,NA,NA,NA,NA,1
"647","Wisconsin",2001,2.78,231,4.5,-0.4,-5.8,1,236.8,3.5,3.18,2
"648","Wisconsin",2002,2.2,225,5.4,-0.58,-6,0.9,231,4.5,2.78,3
"649","Wisconsin",2003,2.9,221.1,5.7,0.7,-3.9,0.3,225,5.4,2.2,4
"650","Wisconsin",2004,3.61,209.8,5,0.71,-11.3,-0.7,221.1,5.7,2.9,5
"651","Wisconsin",2005,2.85,242,4.7,-0.76,32.2,-0.3,209.8,5,3.61,6
"652","Wisconsin",2006,2.75,286.1,4.7,-0.1,44.1,0,242,4.7,2.85,7
"653","Wisconsin",2007,2.32,291.5,4.9,-0.43,5.4,0.2,286.1,4.7,2.75,8
"654","Wisconsin",2008,2.32,275.5,4.9,0,-16,0,291.5,4.9,2.32,9
"655","Wisconsin",2009,2.16,259.1,8.6,-0.16,-16.4,3.7,275.5,4.9,2.32,10
"656","Wisconsin",2010,2.09,248.9,8.7,-0.07,-10.2,0.1,259.1,8.6,2.16,11
"657","Wisconsin",2011,2.15,249.9,7.8,0.06,1,-0.9,248.9,8.7,2.09,12
"658","Wisconsin",2012,2.14,283.9,7,-0.01,34,-0.8,249.9,7.8,2.15,13
"659","Wisconsin",2013,2.1,280.7,6.7,-0.04,-3.2,-0.3,283.9,7,2.14,14
"660","Wisconsin",2014,2.11,290.3,5.4,0.01,9.6,-1.3,280.7,6.7,2.1,15
"661","Wyoming",2000,0.11,266.5,3.9,NA,NA,NA,NA,NA,NA,1
"662","Wyoming",2001,0.09,257.6,3.8,-0.02,-8.9,-0.1,266.5,3.9,0.11,2
"663","Wyoming",2002,0.19,273.4,4,0.1,15.8,0.2,257.6,3.8,0.09,3
"664","Wyoming",2003,0.74,261.7,4.3,0.55,-11.7,0.3,273.4,4,0.19,4
"665","Wyoming",2004,0.98,229.9,3.8,0.24,-31.8,-0.5,261.7,4.3,0.74,5
"666","Wyoming",2005,1.05,230,3.6,0.07,0.1,-0.2,229.9,3.8,0.98,6
"667","Wyoming",2006,0.93,253.8,3.2,-0.12,23.8,-0.4,230,3.6,1.05,7
"668","Wyoming",2007,0.8,257.1,2.8,-0.13,3.3,-0.4,253.8,3.2,0.93,8
"669","Wyoming",2008,0.67,249.7,3.1,-0.13,-7.4,0.3,257.1,2.8,0.8,9
"670","Wyoming",2009,0.75,219.7,6.3,0.08,-30,3.2,249.7,3.1,0.67,10
"671","Wyoming",2010,0.24,197.9,6.4,-0.51,-21.8,0.1,219.7,6.3,0.75,11
"672","Wyoming",2011,0.24,219.4,5.8,0,21.5,-0.6,197.9,6.4,0.24,12
"673","Wyoming",2012,0.17,201.3,5.3,-0.07,-18.1,-0.5,219.4,5.8,0.24,13
"674","Wyoming",2013,0.22,207.8,4.7,0.05,6.5,-0.6,201.3,5.3,0.17,14
"675","Wyoming",2014,0.23,195.5,4.1,0.01,-12.3,-0.6,207.8,4.7,0.22,15
"676","",NA,NA,NA,NA,NA,NA,NA,NA,NA,NA,NA
"677","",NA,NA,NA,NA,NA,NA,NA,NA,NA,NA,NA
"678","",NA,NA,NA,NA,NA,NA,NA,NA,NA,NA,NA
"679","",NA,NA,NA,NA,NA,NA,NA,NA,NA,NA,NA
"680","",NA,NA,NA,NA,NA,NA,NA,NA,NA,NA,NA
"681","",NA,NA,NA,NA,NA,NA,NA,NA,NA,NA,NA
"682","",NA,NA,NA,NA,NA,NA,NA,NA,NA,NA,NA
"683","",NA,NA,NA,NA,NA,NA,NA,NA,NA,NA,NA
"684","",NA,NA,NA,NA,NA,NA,NA,NA,NA,NA,NA
"685","",NA,NA,NA,NA,NA,NA,NA,NA,NA,NA,NA
"686","",NA,NA,NA,NA,NA,NA,NA,NA,NA,NA,NA
"687","",NA,NA,NA,NA,NA,NA,NA,NA,NA,NA,NA
"688","",NA,NA,NA,NA,NA,NA,NA,NA,NA,NA,NA
"689","",NA,NA,NA,NA,NA,NA,NA,NA,NA,NA,NA
"690","",NA,NA,NA,NA,NA,NA,NA,NA,NA,NA,NA
"691","",NA,NA,NA,NA,NA,NA,NA,NA,NA,NA,NA
"692","",NA,NA,NA,NA,NA,NA,NA,NA,NA,NA,NA
"693","",NA,NA,NA,NA,NA,NA,NA,NA,NA,NA,NA
"694","",NA,NA,NA,NA,NA,NA,NA,NA,NA,NA,NA
"695","",NA,NA,NA,NA,NA,NA,NA,NA,NA,NA,NA
"696","",NA,NA,NA,NA,NA,NA,NA,NA,NA,NA,NA
"697","",NA,NA,NA,NA,NA,NA,NA,NA,NA,NA,NA
"698","",NA,NA,NA,NA,NA,NA,NA,NA,NA,NA,NA
"699","",NA,NA,NA,NA,NA,NA,NA,NA,NA,NA,NA
"700","",NA,NA,NA,NA,NA,NA,NA,NA,NA,NA,NA
"701","",NA,NA,NA,NA,NA,NA,NA,NA,NA,NA,NA
"702","",NA,NA,NA,NA,NA,NA,NA,NA,NA,NA,NA
"703","",NA,NA,NA,NA,NA,NA,NA,NA,NA,NA,NA
"704","",NA,NA,NA,NA,NA,NA,NA,NA,NA,NA,NA
"705","",NA,NA,NA,NA,NA,NA,NA,NA,NA,NA,NA
"706","",NA,NA,NA,NA,NA,NA,NA,NA,NA,NA,NA
"707","",NA,NA,NA,NA,NA,NA,NA,NA,NA,NA,NA
"708","",NA,NA,NA,NA,NA,NA,NA,NA,NA,NA,NA
"709","",NA,NA,NA,NA,NA,NA,NA,NA,NA,NA,NA
"710","",NA,NA,NA,NA,NA,NA,NA,NA,NA,NA,NA
"711","",NA,NA,NA,NA,NA,NA,NA,NA,NA,NA,NA
"712","",NA,NA,NA,NA,NA,NA,NA,NA,NA,NA,NA
"713","",NA,NA,NA,NA,NA,NA,NA,NA,NA,NA,NA
"714","",NA,NA,NA,NA,NA,NA,NA,NA,NA,NA,NA
"715","",NA,NA,NA,NA,NA,NA,NA,NA,NA,NA,NA
"716","",NA,NA,NA,NA,NA,NA,NA,NA,NA,NA,NA
"717","",NA,NA,NA,NA,NA,NA,NA,NA,NA,NA,NA
"718","",NA,NA,NA,NA,NA,NA,NA,NA,NA,NA,NA
"719","",NA,NA,NA,NA,NA,NA,NA,NA,NA,NA,NA
"720","",NA,NA,NA,NA,NA,NA,NA,NA,NA,NA,NA
"721","",NA,NA,NA,NA,NA,NA,NA,NA,NA,NA,NA
"722","",NA,NA,NA,NA,NA,NA,NA,NA,NA,NA,NA
"723","",NA,NA,NA,NA,NA,NA,NA,NA,NA,NA,NA
"724","",NA,NA,NA,NA,NA,NA,NA,NA,NA,NA,NA
"725","",NA,NA,NA,NA,NA,NA,NA,NA,NA,NA,NA
"726","",NA,NA,NA,NA,NA,NA,NA,NA,NA,NA,NA
"727","",NA,NA,NA,NA,NA,NA,NA,NA,NA,NA,NA
"728","",NA,NA,NA,NA,NA,NA,NA,NA,NA,NA,NA
"729","",NA,NA,NA,NA,NA,NA,NA,NA,NA,NA,NA
"730","",NA,NA,NA,NA,NA,NA,NA,NA,NA,NA,NA
"731","",NA,NA,NA,NA,NA,NA,NA,NA,NA,NA,NA
"732","",NA,NA,NA,NA,NA,NA,NA,NA,NA,NA,NA
"733","",NA,NA,NA,NA,NA,NA,NA,NA,NA,NA,NA
"734","",NA,NA,NA,NA,NA,NA,NA,NA,NA,NA,NA
"735","",NA,NA,NA,NA,NA,NA,NA,NA,NA,NA,NA
"736","",NA,NA,NA,NA,NA,NA,NA,NA,NA,NA,NA
"737","",NA,NA,NA,NA,NA,NA,NA,NA,NA,NA,NA
"738","",NA,NA,NA,NA,NA,NA,NA,NA,NA,NA,NA
"739","",NA,NA,NA,NA,NA,NA,NA,NA,NA,NA,NA
"740","",NA,NA,NA,NA,NA,NA,NA,NA,NA,NA,NA
"741","",NA,NA,NA,NA,NA,NA,NA,NA,NA,NA,NA
"742","",NA,NA,NA,NA,NA,NA,NA,NA,NA,NA,NA
"743","",NA,NA,NA,NA,NA,NA,NA,NA,NA,NA,NA
"744","",NA,NA,NA,NA,NA,NA,NA,NA,NA,NA,NA
"745","",NA,NA,NA,NA,NA,NA,NA,NA,NA,NA,NA
"746","",NA,NA,NA,NA,NA,NA,NA,NA,NA,NA,NA
"747","",NA,NA,NA,NA,NA,NA,NA,NA,NA,NA,NA
"748","",NA,NA,NA,NA,NA,NA,NA,NA,NA,NA,NA
"749","",NA,NA,NA,NA,NA,NA,NA,NA,NA,NA,NA
"750","",NA,NA,NA,NA,NA,NA,NA,NA,NA,NA,NA
"751","",NA,NA,NA,NA,NA,NA,NA,NA,NA,NA,NA
"752","",NA,NA,NA,NA,NA,NA,NA,NA,NA,NA,NA
"753","",NA,NA,NA,NA,NA,NA,NA,NA,NA,NA,NA
"754","",NA,NA,NA,NA,NA,NA,NA,NA,NA,NA,NA
"755","",NA,NA,NA,NA,NA,NA,NA,NA,NA,NA,NA
"756","",NA,NA,NA,NA,NA,NA,NA,NA,NA,NA,NA
"757","",NA,NA,NA,NA,NA,NA,NA,NA,NA,NA,NA
"758","",NA,NA,NA,NA,NA,NA,NA,NA,NA,NA,NA
"759","",NA,NA,NA,NA,NA,NA,NA,NA,NA,NA,NA
"760","",NA,NA,NA,NA,NA,NA,NA,NA,NA,NA,NA
"761","",NA,NA,NA,NA,NA,NA,NA,NA,NA,NA,NA
"762","",NA,NA,NA,NA,NA,NA,NA,NA,NA,NA,NA
"763","",NA,NA,NA,NA,NA,NA,NA,NA,NA,NA,NA
"764","",NA,NA,NA,NA,NA,NA,NA,NA,NA,NA,NA
"765","",NA,NA,NA,NA,NA,NA,NA,NA,NA,NA,NA
"766","",NA,NA,NA,NA,NA,NA,NA,NA,NA,NA,NA
"767","",NA,NA,NA,NA,NA,NA,NA,NA,NA,NA,NA
